date,season,holiday,weekday,workingday,weather,temp,feeltemp,hum,windspeed,casual,registered,total
1/1/2011,Spring,0,6,0,2,14.51537596,15.56465563,80.5833,7.701247554,331,654,985
1/2/2011,Spring,0,7,0,2,15.05376664,15.2650604,69.6087,11.92962346,131,670,801
1/3/2011,Spring,0,1,1,1,10.39462832,10.28491853,43.7273,11.91858369,120,1229,1349
1/4/2011,Spring,0,2,1,1,10.496,10.97335721,59.0435,7.694047704,108,1454,1562
1/5/2011,Spring,0,3,1,1,11.24756116,11.49302735,43.6957,8.9710131,82,1518,1600
1/6/2011,Spring,0,4,1,1,10.61722224,11.61239875,51.8261,4.299040035,88,1518,1606
1/7/2011,Spring,0,5,1,2,10.39903336,10.8738659,49.8696,8.098679274,148,1362,1510
1/8/2011,Spring,0,6,0,2,9.5202,9.46210747,53.5833,12.8063252,68,891,959
1/9/2011,Spring,0,7,0,1,8.77672404,8.065683375,43.4167,17.37323805,54,768,822
1/10/2011,Spring,0,1,1,1,9.12522404,9.11766084,48.2917,10.71659273,41,1280,1321
1/11/2011,Spring,0,2,1,2,9.63425708,10.34731652,68.6364,5.862213868,43,1220,1263
1/12/2011,Spring,0,3,1,1,9.73562876,9.408134265,59.9545,14.62179137,25,1137,1162
1/13/2011,Spring,0,4,1,1,9.5202,9.117509315,47.0417,14.447699,38,1368,1406
1/14/2011,Spring,0,5,1,1,9.4050556,10.25485597,53.7826,6.074177452,54,1367,1421
1/15/2011,Spring,0,6,0,2,11.42532404,12.06403416,49.875,7.582066037,222,1026,1248
1/16/2011,Spring,0,7,0,1,11.37887596,11.64294619,48.375,9.044595567,251,953,1204
1/17/2011,Spring,1,1,0,2,9.82222404,9.902045155,53.75,9.312621983,117,883,1000
1/18/2011,Spring,0,2,1,2,10.96067596,11.58585157,86.1667,7.045053225,9,674,683
1/19/2011,Spring,0,3,1,2,13.06581112,13.58867871,74.1739,9.999007683,78,1572,1650
1/20/2011,Spring,0,4,1,2,12.21527596,12.27429025,53.8333,9.403196096,83,1844,1927
1/21/2011,Spring,0,5,1,1,9.8687,9.328129065,45.7083,16.95526276,75,1468,1543
1/22/2011,Spring,0,6,0,1,6.568555552,6.941204228,40,8.25438803,93,888,981
1/23/2011,Spring,0,7,0,1,7.611024996,7.540318926,43.6522,11.8365534,150,836,986
1/24/2011,Spring,0,1,1,1,7.635269444,8.11886865,49.1739,7.59968167,86,1330,1416
1/25/2011,Spring,0,2,1,2,11.15056664,11.65231043,61.6957,6.230078204,186,1799,1985
1/26/2011,Spring,0,3,1,3,10.9839,10.715098,86.25,14.10450615,34,472,506
1/27/2011,Spring,0,4,1,1,10.3566,11.2030085,68.75,5.464062163,15,416,431
1/28/2011,Spring,0,5,1,2,10.59296664,11.31262169,79.3043,5.9182767,38,1129,1167
1/29/2011,Spring,0,6,0,1,10.39903336,10.97347843,65.1739,6.977374635,123,975,1098
1/30/2011,Spring,0,7,0,1,10.95663336,12.13100821,72.2174,3.551090817,140,956,1096
1/31/2011,Spring,0,1,1,2,9.96162404,10.18930625,60.375,8.985028808,42,1459,1501
2/1/2011,Spring,0,2,1,2,10.27781112,11.65243165,82.9565,2.554170787,47,1313,1360
2/2/2011,Spring,0,3,1,2,12.1688,12.25510719,77.5417,12.68651969,72,1454,1526
2/3/2011,Spring,0,4,1,1,10.13236116,9.93559279,43.7826,13.33181825,61,1489,1550
2/4/2011,Spring,0,5,1,2,10.81115552,11.47232904,58.5217,6.136144161,88,1620,1708
2/5/2011,Spring,0,6,0,2,11.42532404,11.91087269,92.9167,7.731630921,100,905,1005
2/6/2011,Spring,0,7,0,1,12.88902404,13.38408966,56.8333,6.8062582,354,1269,1623
2/7/2011,Spring,0,1,1,1,12.49407596,13.74735569,73.8333,2.179552992,120,1592,1712
2/8/2011,Spring,0,2,1,1,11.07682404,10.55284503,53.7917,17.37323805,64,1466,1530
2/9/2011,Spring,0,3,1,2,8.67775004,8.917496315,49.4783,9.064083161,53,1552,1605
2/10/2011,Spring,0,4,1,1,8.94442224,9.07705214,43.7391,10.65265807,47,1491,1538
2/11/2011,Spring,0,5,1,1,10.19185708,11.01539025,50.6364,5.21029145,149,1597,1746
2/12/2011,Spring,0,6,0,1,11.1233,11.60467097,54.4167,9.761412633,288,1184,1472
2/13/2011,Spring,0,7,0,1,13.74463336,14.36724447,45.7391,12.52212312,397,1192,1589
2/14/2011,Spring,0,1,1,1,16.4902,16.61699675,37.5833,20.05916609,208,1705,1913
2/15/2011,Spring,0,2,1,1,12.33850556,12.25077357,31.4348,13.98566063,140,1675,1815
2/16/2011,Spring,0,3,1,1,13.79311668,14.127441,42.3478,12.08571621,218,1897,2115
2/17/2011,Spring,0,4,1,1,17.07102404,17.53548069,50.5,11.0447619,259,2216,2475
2/18/2011,Spring,0,5,1,1,19.46407596,20.06064482,51.6667,12.71613508,579,2348,2927
2/19/2011,Spring,0,6,0,1,16.04877596,16.40649822,18.7917,24.35771654,532,1103,1635
2/20/2011,Spring,0,7,0,1,12.87184996,12.94948565,40.7826,10.71505677,639,1173,1812
2/21/2011,Spring,1,1,0,2,13.37692404,13.15389288,60.5,14.77630015,195,912,1107
2/22/2011,Spring,0,2,1,1,10.00034936,10.18273007,57.7778,9.392588317,74,1376,1450
2/23/2011,Spring,0,3,1,1,11.10208332,11.99145369,42.3043,4.517329887,139,1778,1917
2/24/2011,Spring,0,4,1,2,13.16277776,13.30893326,69.7391,12.0235575,100,1707,1807
2/25/2011,Spring,0,5,1,2,15.07802224,15.16572061,71.2174,16.63352546,120,1341,1461
2/26/2011,Spring,0,6,0,1,12.7961,13.09682856,53.7917,8.955221429,424,1545,1969
2/27/2011,Spring,0,7,0,1,14.49616664,15.18535825,68,6.011778752,694,1708,2402
2/28/2011,Spring,0,1,1,2,16.27477124,16.67057599,87.6364,13.90463831,81,1365,1446
3/1/2011,Spring,0,2,1,1,12.35467596,12.5418531,53.5,10.38818358,137,1714,1851
3/2/2011,Spring,0,3,1,1,14.2598,14.24475166,44.9583,14.77567617,231,1903,2134
3/3/2011,Spring,0,4,1,1,10.44952404,10.61003057,31.8333,10.83596625,123,1562,1685
3/4/2011,Spring,0,5,1,2,12.21527596,12.2933521,61.0417,9.760404654,214,1730,1944
3/5/2011,Spring,0,6,0,2,15.63057596,16.0238976,78.9167,12.08955613,640,1437,2077
3/6/2011,Spring,0,7,0,2,15.41743336,15.64426686,94.8261,16.47743271,114,491,605
3/7/2011,Spring,0,1,1,1,12.21728332,11.77156061,55.1304,16.38455465,244,1628,1872
3/8/2011,Spring,0,2,1,1,13.0749,13.709232,42.0833,5.79107935,316,1817,2133
3/9/2011,Spring,0,3,1,2,13.16782404,13.23065544,77.5417,10.56697985,191,1700,1891
3/10/2011,Spring,0,4,1,3,15.76785708,16.23266874,0,12.56983412,46,577,623
3/11/2011,Spring,0,5,1,2,13.74463336,13.788025,64.9565,11.18232703,247,1730,1977
3/12/2011,Spring,0,6,0,1,14.09717596,14.41685375,59.4583,10.59697923,724,1408,2132
3/13/2011,Spring,0,7,0,1,15.63562224,16.06365776,52.7391,12.9887214,982,1435,2417
3/14/2011,Spring,0,1,1,1,13.98704996,14.60626,49.6957,6.572311074,359,1687,2046
3/15/2011,Spring,0,2,1,2,13.76886108,14.18738429,65.5652,8.846647691,289,1767,2056
3/16/2011,Spring,0,3,1,2,15.10224996,15.66481365,77.6522,9.749412883,321,1871,2192
3/17/2011,Spring,0,4,1,1,16.4902,16.98014157,60.2917,10.05958242,424,2320,2744
3/18/2011,Spring,0,5,1,1,19.9752,20.51600775,52.5217,11.08858498,884,2355,3239
3/19/2011,Spring,0,6,0,1,18.0933,18.68304013,37.9167,17.67164783,1424,1693,3117
3/20/2011,Spring,0,7,0,1,14.1901,14.41685375,47.375,9.970400279,1047,1424,2471
3/21/2011,Summer,0,1,1,2,28.3898309,25.77851623,78.203453,16.45976465,401,1676,2077
3/22/2011,Summer,0,2,1,1,28.63850738,26.80880107,68.840389,12.86707275,460,2243,2703
3/23/2011,Summer,0,3,1,2,26.54162798,23.38519657,86.683895,13.35217422,203,1918,2121
3/24/2011,Summer,0,4,1,2,25.1699,21.14821806,83.884139,13.89512764,166,1699,1865
3/25/2011,Summer,0,5,1,1,24.70865738,20.66416052,58.085,13.15063283,300,1910,2210
3/26/2011,Summer,0,6,0,1,24.74554262,20.70612929,49.715861,11.94491829,981,1515,2496
3/27/2011,Summer,0,7,0,2,24.46237202,20.46505057,57.994779,10.5045471,472,1221,1693
3/28/2011,Summer,0,1,1,1,24.71266472,20.70622929,42.080442,12.09499139,222,1806,2028
3/29/2011,Summer,0,2,1,1,25.55735,21.88408818,43.075861,12.93809101,317,2108,2425
3/30/2011,Summer,0,3,1,2,25.502,22.03216225,70.673361,9.854097336,168,1368,1536
3/31/2011,Summer,0,4,1,3,24.80089262,20.70626263,93.221639,12.40516906,179,1506,1685
4/1/2011,Summer,0,5,1,2,25.502,21.56893909,73.95875,14.74557988,307,1920,2227
4/2/2011,Summer,0,6,0,2,25.8341,22.6417594,71.26125,11.23673056,898,1354,2252
4/3/2011,Summer,0,7,0,1,27.23629262,24.74619795,56.84,10.38559436,1651,1598,3249
4/4/2011,Summer,0,1,1,1,31.55359262,30.21853822,52.37875,21.97639029,734,2381,3115
4/5/2011,Summer,0,2,1,2,28.02965738,25.39899725,70.292889,22.1186548,167,1628,1795
4/6/2011,Summer,0,3,1,1,27.51304262,25.04091268,56.079139,14.99380181,413,2395,2808
4/7/2011,Summer,0,4,1,1,28.54625,26.57725616,67.042111,9.251297064,571,2570,3141
4/8/2011,Summer,0,5,1,2,26.29534262,22.93650747,86.40875,12.93786302,172,1299,1471
4/9/2011,Summer,0,6,0,2,26.44295,23.50486922,89.8325,7.585331751,879,1576,2455
4/10/2011,Summer,0,7,0,2,28.30640738,26.3452779,88.1725,8.365278699,1188,1707,2895
4/11/2011,Summer,0,1,1,2,32.04773528,30.9615087,76.507348,18.49404458,855,2493,3348
4/12/2011,Summer,0,2,1,2,29.98535,28.55595509,78.350861,15.66727836,257,1777,2034
4/13/2011,Summer,0,3,1,2,27.99275,26.03012881,84.990861,14.28441715,209,1953,2162
4/14/2011,Summer,0,4,1,1,29.21045,27.54550457,61.854611,6.3095679,529,2738,3267
4/15/2011,Summer,1,5,0,1,28.74920738,26.85116986,72.71375,12.90269588,642,2484,3126
4/16/2011,Summer,0,6,0,3,28.39864262,26.30377582,90.731639,19.42503358,121,674,795
4/17/2011,Summer,0,7,0,1,28.97060738,26.97727616,56.805389,17.29836151,1558,2186,3744
4/18/2011,Summer,0,1,1,1,30.20675,28.89237191,62.0275,9.322828299,669,2760,3429
4/19/2011,Summer,0,2,1,2,30.05914262,28.42941543,72.264139,9.003873087,409,2795,3204
4/20/2011,Summer,0,3,1,1,32.0333,30.93400732,67.975861,13.78899923,613,3331,3944
4/21/2011,Summer,0,4,1,1,29.02595738,27.25048982,50.787889,18.53873023,745,3444,4189
4/22/2011,Summer,0,5,1,2,26.31380738,22.85233659,77.555389,12.51203844,177,1506,1683
4/23/2011,Summer,0,6,0,2,29.0444,27.12478354,90.697111,13.15063283,1462,2574,4036
4/24/2011,Summer,0,7,0,2,31.73810738,30.51301961,84.299139,10.95339848,1710,2481,4191
4/25/2011,Summer,0,1,1,1,32.29160738,31.2709575,81.463361,10.563425,773,3300,4073
4/26/2011,Summer,0,2,1,1,32.84510738,31.92375681,77.520861,18.6095205,678,3722,4400
4/27/2011,Summer,0,3,1,2,32.5868,31.29235857,86.339611,17.7944634,547,3325,3872
4/28/2011,Summer,0,4,1,2,32.53145,31.41859822,75.169139,18.29079328,569,3489,4058
4/29/2011,Summer,0,5,1,1,30.1514,28.70292911,54.937889,13.68287081,878,3717,4595
4/30/2011,Summer,0,6,0,1,29.32115,27.58814004,58.776639,13.39856978,1965,3347,5312
5/1/2011,Summer,0,7,0,2,28.85990738,27.06088034,80.252889,6.061858938,1138,2213,3351
5/2/2011,Summer,0,1,1,2,31.01855738,29.88198806,77.59,10.45632764,847,3554,4401
5/3/2011,Summer,0,2,1,2,32.51300738,31.52360347,74.857889,19.530991,603,3848,4451
5/4/2011,Summer,0,3,1,2,28.02965738,25.60900775,78.177889,18.75178501,255,2378,2633
5/5/2011,Summer,0,4,1,1,29.02595738,26.8513032,53.865861,16.83645782,614,3819,4433
5/6/2011,Summer,0,5,1,1,29.46875738,27.9246902,65.97,13.00933726,894,3714,4608
5/7/2011,Summer,0,6,0,1,30.3728,29.20822104,61.92375,9.14516865,1612,3102,4714
5/8/2011,Summer,0,7,0,1,30.55729262,29.41863156,69.428361,4.254113588,1401,2932,4333
5/9/2011,Summer,0,1,1,1,30.64955,29.62907541,65.86625,10.031472,664,3698,4362
5/10/2011,Summer,0,2,1,1,30.64955,29.54490454,57.600861,6.592899987,694,4109,4803
5/11/2011,Summer,0,3,1,1,30.87095,29.734214,69.532111,6.876232074,550,3632,4182
5/12/2011,Summer,0,4,1,1,30.7049,29.56630561,79.0425,10.81045,695,4169,4864
5/13/2011,Summer,0,5,1,2,30.20675,28.5974905,88.656639,10.24378583,692,3413,4105
5/14/2011,Summer,0,6,0,2,30.39124262,28.80846772,93.5675,7.69174515,902,2507,3409
5/15/2011,Summer,0,7,0,2,31.31375,29.98756,88.967889,8.719344063,1582,2971,4553
5/16/2011,Summer,0,1,1,1,31.64585,30.47131752,82.397111,7.231266387,773,3185,3958
5/17/2011,Summer,0,2,1,2,31.29530738,30.07186422,86.547111,15.80834594,678,3445,4123
5/18/2011,Summer,0,3,1,2,31.037,29.69281193,89.21,11.48443952,536,3319,3855
5/19/2011,Summer,0,4,1,2,30.61264262,29.14558457,85.855389,6.167816361,735,3840,4575
5/20/2011,Summer,0,5,1,1,30.74180738,29.75561507,76.725389,7.125365961,909,4008,4917
5/21/2011,Summer,0,6,0,1,32.19935,31.18678663,69.013361,6.87668805,2258,3547,5805
5/22/2011,Summer,0,7,0,1,32.23625738,31.2709575,79.215389,8.436011976,1576,3084,4660
5/23/2011,Summer,0,1,1,2,32.84510738,31.79751716,84.23,13.32829247,836,3438,4274
5/24/2011,Summer,0,2,1,2,33.4724,32.28144136,78.489139,11.80362272,659,3833,4492
5/25/2011,Summer,0,3,1,1,33.49084262,32.63909257,74.78875,8.790818301,740,4238,4978
5/26/2011,Summer,0,4,1,1,34.54249262,33.94402448,73.2325,11.37899507,758,3919,4677
5/27/2011,Summer,0,5,1,1,33.95210738,33.35466168,71.26125,13.71798096,871,3808,4679
5/28/2011,Summer,0,6,0,1,33.38014262,32.53365397,77.555389,13.11455372,2001,2757,4758
5/29/2011,Summer,0,7,0,1,33.63845,32.63935925,84.95625,12.19382419,2355,2433,4788
5/30/2011,Summer,1,1,0,1,35.09599262,34.49085182,73.855,7.479431325,1549,2549,4098
5/31/2011,Summer,0,2,1,1,36.0185,36.30064231,69.843361,6.345419013,673,3309,3982
6/1/2011,Summer,0,3,1,2,35.77865738,36.15343495,73.197889,11.80362272,513,3461,3974
6/2/2011,Summer,0,4,1,1,34.6901,33.58580657,42.315,16.65948214,736,4232,4968
6/3/2011,Summer,0,5,1,1,32.5868,31.69207856,46.395861,14.42713764,898,4414,5312
6/4/2011,Summer,0,6,0,1,32.9189,31.94419116,54.86875,7.018724574,1869,3473,5342
6/5/2011,Summer,0,7,0,2,33.21409262,32.68116134,71.1575,7.905027924,1685,3221,4906
6/6/2011,Summer,0,1,1,1,33.87829262,32.84963643,66.8,6.947706312,673,3875,4548
6/7/2011,Summer,0,2,1,1,34.52405,33.98609325,66.627111,10.70449258,763,4070,4833
6/8/2011,Summer,0,3,1,1,36.03694262,36.36384547,68.632889,7.798158549,676,3725,4401
6/9/2011,Summer,0,4,1,2,36.75649262,37.37389597,64.171639,8.542881351,563,3352,3915
6/10/2011,Summer,0,5,1,1,35.5757,35.56423882,67.215,8.011156338,815,3771,4586
6/11/2011,Summer,0,6,0,1,34.9115,34.72239673,71.330389,8.82598545,1729,3237,4966
6/12/2011,Summer,0,7,0,1,34.19195,33.56523888,79.077111,9.322828299,1467,2993,4460
6/13/2011,Summer,0,1,1,1,32.9189,32.17613609,58.050389,17.40403395,863,4157,5020
6/14/2011,Summer,0,2,1,1,32.23625738,31.83918591,59.087889,15.34832315,727,4164,4891
6/15/2011,Summer,0,3,1,1,32.73440738,31.71277959,56.148361,9.570480264,769,4411,5180
6/16/2011,Summer,0,4,1,2,32.77129262,31.96585891,74.131639,11.76822759,545,3222,3767
6/17/2011,Summer,0,5,1,1,33.23255738,32.13376731,78.074139,8.152223913,863,3981,4844
6/18/2011,Summer,0,6,0,1,34.28420738,33.58620659,72.644611,6.805897776,1807,3312,5119
6/19/2011,Summer,0,7,0,2,34.33955738,33.64927641,72.333361,5.813694,1639,3105,4744
6/20/2011,Summer,0,1,1,2,32.9189,31.96585891,78.93875,8.861608575,699,3311,4010
6/21/2011,Fall,0,2,1,2,26.62334098,28.96282834,80.715028,7.354246025,774,4061,4835
6/22/2011,Fall,0,3,1,1,28.04399098,30.58033691,75.43,7.407438262,661,3846,4507
6/23/2011,Fall,0,4,1,2,27.90869098,30.58045207,75.079972,10.2688108,746,4044,4790
6/24/2011,Fall,0,5,1,1,27.79595902,29.50802457,64.159972,9.547297025,969,4022,4991
6/25/2011,Fall,0,6,0,1,27.0067,29.12598127,56.599972,9.011762571,1782,3420,5202
6/26/2011,Fall,0,7,0,1,26.6008,28.96233891,59.119972,4.065026433,1920,3385,5305
6/27/2011,Fall,0,1,1,2,26.66845,28.94434516,71.299972,4.626391588,854,3854,4708
6/28/2011,Fall,0,2,1,1,28.33715902,30.54374482,69.270028,6.204313283,732,3916,4648
6/29/2011,Fall,0,3,1,1,27.90869098,29.45346752,57.825028,11.25856482,848,4377,5225
6/30/2011,Fall,0,4,1,1,27.05180902,28.94446032,52.470028,7.968601312,1027,4488,5515
7/1/2011,Fall,0,5,1,1,27.75085,29.38074398,49.285,4.412246608,1246,4116,5362
7/2/2011,Fall,0,6,0,1,28.17929098,29.81679732,53.344972,4.947781062,2204,2915,5119
7/3/2011,Fall,0,7,0,2,27.59300902,29.85327425,73.33,9.841122858,2282,2367,4649
7/4/2011,Fall,1,1,0,2,27.86360902,29.76235543,69.585028,3.503687079,3065,2978,6043
7/5/2011,Fall,0,2,1,1,28.40480902,30.65257102,65.595028,5.429220258,1031,3634,4665
7/6/2011,Fall,0,3,1,1,27.6832,30.34437407,78.439972,6.445118883,784,3845,4629
7/7/2011,Fall,0,4,1,1,28.495,30.38001609,70.705,6.8457592,754,3838,4592
7/8/2011,Fall,0,5,1,2,27.39005902,29.90820557,79.665028,9.680772129,692,3348,4040
7/9/2011,Fall,0,6,0,1,28.04399098,29.72610882,67.170028,7.220383912,1988,3348,5336
7/10/2011,Fall,0,7,0,1,28.42735,30.47081975,64.579972,7.889436471,1743,3138,4881
7/11/2011,Fall,0,1,1,1,28.83325,31.61605716,69.409972,12.14077334,723,3363,4086
7/12/2011,Fall,0,2,1,1,29.69015902,31.88872725,62.970028,8.611122254,662,3596,4258
7/13/2011,Fall,0,3,1,1,28.40480902,30.45294116,69.060028,6.283865133,748,3594,4342
7/14/2011,Fall,0,4,1,1,26.62334098,28.88964416,56.005,10.34892167,888,4196,5084
7/15/2011,Fall,0,5,1,1,26.14979098,28.58064109,65.665,7.862001833,1318,4220,5538
7/16/2011,Fall,0,6,0,1,26.78120902,28.98059177,65.14,8.958914342,2418,3505,5923
7/17/2011,Fall,0,7,0,1,27.66065902,29.88949207,66.750028,10.53666403,2006,3296,5302
7/18/2011,Fall,0,1,1,1,28.40480902,30.87100075,70.705,9.279787804,841,3617,4458
7/19/2011,Fall,0,2,1,1,29.21660902,32.12492041,70.635028,5.6159306,752,3789,4541
7/20/2011,Fall,0,3,1,1,28.99109098,32.1068115,75.394972,4.894244817,644,3688,4332
7/21/2011,Fall,0,4,1,2,30.2539,34.39622109,74.065,9.547125021,632,3152,3784
7/22/2011,Fall,0,5,1,1,31.15589098,34.81439584,64.755028,5.7234331,562,2825,3387
7/23/2011,Fall,0,6,0,1,31.17845902,33.76042273,58,5.642634221,987,2298,3285
7/24/2011,Fall,0,7,0,1,30.6598,33.48812691,62.269972,7.274522171,1050,2556,3606
7/25/2011,Fall,0,1,1,1,28.31459098,31.36138082,79.594972,3.904847708,568,3272,3840
7/26/2011,Fall,0,2,1,1,29.08130902,30.67102541,61.429972,8.611294258,750,3840,4590
7/27/2011,Fall,0,3,1,1,29.1715,30.48930293,49.845028,7.889092463,755,3901,4656
7/28/2011,Fall,0,4,1,1,29.28425902,31.906721,64.999972,7.674775479,606,3784,4390
7/29/2011,Fall,0,5,1,1,30.88529098,33.23298993,61.57,7.488108138,670,3176,3846
7/30/2011,Fall,0,6,0,1,29.96075902,31.57958023,55.129972,7.247259537,1559,2916,4475
7/31/2011,Fall,0,7,0,1,30.00584098,31.61582684,56.389972,7.087123813,1524,2778,4302
8/1/2011,Fall,0,1,1,1,29.08130902,30.85277668,62.269972,6.738987717,729,3537,4266
8/2/2011,Fall,0,2,1,1,29.39699098,30.96157409,57.265,8.85175585,801,4044,4845
8/3/2011,Fall,0,3,1,2,27.99890902,30.18038623,71.23,5.830204583,467,3107,3574
8/4/2011,Fall,0,4,1,2,27.4126,29.74424652,79.63,8.47764715,799,3777,4576
8/5/2011,Fall,0,5,1,1,27.43514098,29.50756393,68.989972,7.942112696,1023,3843,4866
8/6/2011,Fall,0,6,0,2,27.59300902,30.07147366,79.42,9.81497825,1521,2773,4294
8/7/2011,Fall,0,7,0,1,28.29205,31.19825668,79.245028,8.664142487,1298,2487,3785
8/8/2011,Fall,0,1,1,1,28.9009,30.85251757,65.734972,8.263717175,846,3480,4326
8/9/2011,Fall,0,2,1,1,29.1715,31.45244359,63.915028,6.498354121,907,3695,4602
8/10/2011,Fall,0,3,1,1,28.94600902,30.32566057,51.630028,8.611294258,884,3896,4780
8/11/2011,Fall,0,4,1,1,27.61555,29.36228959,51.595,7.086392796,812,3980,4792
8/12/2011,Fall,0,5,1,1,27.36749098,29.43486918,50.86,5.401828621,1051,3854,4905
8/13/2011,Fall,0,6,0,2,26.75864098,29.19925182,77.284972,9.092733454,1504,2646,4150
8/14/2011,Fall,0,7,0,2,26.51060902,28.58113052,84.67,9.573441633,1338,2482,3820
8/15/2011,Fall,0,1,1,1,26.21744098,28.34444793,75.814972,8.985230954,775,3563,4338
8/16/2011,Fall,0,2,1,1,27.16454098,29.19864723,64.579972,10.16238333,721,4004,4725
8/17/2011,Fall,0,3,1,1,27.77339098,29.79845809,64.335028,6.177824667,668,4026,4694
8/18/2011,Fall,0,4,1,1,27.45770902,29.67140782,70.984972,10.02817721,639,3166,3805
8/19/2011,Fall,0,5,1,2,26.7361,28.83543259,76.725028,5.990383308,797,3356,4153
8/20/2011,Fall,0,6,0,1,27.07435,29.28959484,72.630028,4.492185467,1914,3277,5191
8/21/2011,Fall,0,7,0,1,27.43514098,30.05336475,80.68,10.69667075,1249,2624,3873
8/22/2011,Fall,0,1,1,1,26.91650902,28.98033266,55.48,11.90052675,833,3925,4758
8/23/2011,Fall,0,2,1,1,25.54094098,28.05366893,54.255028,6.310955763,1281,4614,5895
8/24/2011,Fall,0,3,1,1,26.42039098,28.76262268,66.82,10.88389711,949,4181,5130
8/25/2011,Fall,0,4,1,2,26.71355902,29.19913666,80.820028,9.066029833,435,3107,3542
8/26/2011,Fall,0,5,1,1,27.142,29.59871307,79.945,3.610471463,768,3893,4661
8/27/2011,Fall,0,6,0,2,26.6008,28.90265724,87.4,16.15190662,226,889,1115
8/28/2011,Fall,0,7,0,1,27.33301654,29.25973961,63.18826,13.10064166,1415,2919,4334
8/29/2011,Fall,0,1,1,1,25.42820902,28.10811082,62.584972,6.872634825,729,3905,4634
8/30/2011,Fall,0,2,1,1,25.49585902,27.72652816,62.059972,5.375469008,775,4429,5204
8/31/2011,Fall,0,3,1,1,25.96940902,28.19917359,66.225028,3.583415233,688,4370,5058
9/1/2011,Fall,0,4,1,1,25.9243,28.30857559,69.690028,6.097369796,783,4332,5115
9/2/2011,Fall,0,5,1,2,25.60859098,28.01742232,77.074972,6.017086929,875,3852,4727
9/3/2011,Fall,0,6,0,1,26.30765902,28.83520227,76.200028,7.969160325,1935,2549,4484
9/4/2011,Fall,0,7,0,1,27.39005902,29.76270091,78.334972,8.878287467,2521,2419,4940
9/5/2011,Fall,1,1,0,2,26.42039098,28.61734834,82.395028,9.146140696,1236,2115,3351
9/6/2011,Fall,0,2,1,3,22.8124,25.437608,90.504388,14.78989294,204,2506,2710
9/7/2011,Fall,0,3,1,3,24.41345902,26.27335291,93.034972,4.171991421,118,1878,1996
9/8/2011,Fall,0,4,1,3,25.35368578,26.59384319,94.92346,8.288356748,153,1689,1842
9/9/2011,Fall,0,5,1,2,25.789,27.27285534,91.425028,5.348421379,417,3127,3544
9/10/2011,Fall,0,6,0,1,26.0596,28.10822598,79.315,6.605297608,1750,3595,5345
9/11/2011,Fall,0,7,0,1,25.87919098,28.14470291,75.955,4.947437054,1633,3413,5046
9/12/2011,Fall,0,1,1,1,25.63605688,27.9403227,74.142616,3.823347913,690,4023,4713
9/13/2011,Fall,0,2,1,1,25.81154098,27.98131966,75.85,6.097713804,701,4062,4763
9/14/2011,Fall,0,3,1,1,26.42039098,28.653451,74.554972,7.1940673,647,4138,4785
9/15/2011,Fall,0,4,1,2,23.82715,26.54518809,75.570028,11.65954915,428,3231,3659
9/16/2011,Fall,0,5,1,2,20.89565902,23.89086525,65.595028,7.060033183,742,4018,4760
9/17/2011,Fall,0,6,0,2,21.50450902,24.38136048,76.339972,8.156214675,1434,3077,4511
9/18/2011,Fall,0,7,0,1,21.93295,24.72756023,74.38,7.674947483,1353,2921,4274
9/19/2011,Fall,0,1,1,2,23.06045902,25.85434325,73.96,6.525057742,691,3848,4539
9/20/2011,Fall,0,2,1,2,23.39870902,25.92752743,90.025,5.803156954,438,3203,3641
9/21/2011,Fall,0,3,1,2,24.3007,26.45484507,91.6,4.145477004,539,3813,4352
9/22/2011,Fall,0,4,1,2,25.20269098,26.58238477,91.774972,5.509503125,555,4240,4795
9/23/2011,Winter,0,5,1,2,16.80454208,16.5803875,97.47,4.074990033,258,2137,2395
9/24/2011,Winter,0,6,0,2,16.73894208,17.8616836,87.35,4.075853217,1776,3647,5423
9/25/2011,Winter,0,7,0,2,17.46054208,18.1109011,85.74,2.619668021,1544,3466,5010
9/26/2011,Winter,0,1,1,2,17.85414208,18.6079726,86.046636,5.7562893,684,3946,4630
9/27/2011,Winter,0,2,1,2,17.52614208,18.1681075,89.458364,6.144773829,477,3643,4120
9/28/2011,Winter,0,3,1,2,17.4824,18.1872874,86.085,7.728559371,480,3427,3907
9/29/2011,Winter,0,4,1,1,17.00134208,18.1677136,72.323364,8.989743117,653,4186,4839
9/30/2011,Winter,0,5,1,1,15.62374208,17.2683187,67.57,10.73649353,830,4372,5202
10/1/2011,Winter,0,6,0,2,11.5784,13.2697489,77.345,15.1990997,480,1949,2429
10/2/2011,Winter,0,7,0,2,10.17894208,11.2231051,80.833364,11.54445399,616,2302,2918
10/3/2011,Winter,0,1,1,2,10.90054208,12.6389938,77.996636,4.333898254,330,3240,3570
10/4/2011,Winter,0,2,1,1,13.52454208,15.0875974,73.32,10.70420215,486,3970,4456
10/5/2011,Winter,0,3,1,1,14.94585792,16.7322814,67.608364,9.21682275,559,4267,4826
10/6/2011,Winter,0,4,1,1,13.78694208,15.3168775,65.116636,7.017473046,639,4126,4765
10/7/2011,Winter,0,5,1,1,14.22425792,16.0434412,70.943364,1.164346008,949,4036,4985
10/8/2011,Winter,0,6,0,1,14.50854208,16.3112326,72.515,2.360972996,2235,3174,5409
10/9/2011,Winter,0,7,0,1,15.01145792,16.6366849,74.93,3.29933655,2397,3114,5511
10/10/2011,Winter,1,1,0,1,15.79865792,17.2106275,75.505,2.199776096,1514,3603,5117
10/11/2011,Winter,0,2,1,2,15.68934208,17.3067088,82.405,7.438040958,667,3896,4563
10/12/2011,Winter,0,3,1,3,15.07705792,16.4468251,91.375,12.90355185,217,2199,2416
10/13/2011,Winter,0,4,1,2,16.27974208,17.4796612,90.493364,7.372782213,290,2623,2913
10/14/2011,Winter,0,5,1,2,15.27385792,16.8091525,73.895,11.64169212,529,3115,3644
10/15/2011,Winter,0,6,0,1,14.11494208,15.8713675,52.466636,13.42005792,1899,3318,5217
10/16/2011,Winter,0,7,0,1,14.24614208,16.0055662,52.773364,14.64900228,1748,3293,5041
10/17/2011,Winter,0,1,1,1,14.83654208,16.2349675,61.321636,9.119532621,713,3857,4570
10/18/2011,Winter,0,2,1,2,14.7928,16.5984463,72.553364,5.724413913,637,4111,4748
10/19/2011,Winter,0,3,1,3,15.03523136,16.3295944,90.359964,12.65338466,254,2170,2424
10/20/2011,Winter,0,4,1,1,13.30585792,14.8957075,66.535,21.95787773,471,3724,4195
10/21/2011,Winter,0,5,1,1,12.0376,13.5949588,60.823364,11.5123706,676,3628,4304
10/22/2011,Winter,0,6,0,1,11.9064,13.6524076,65.883364,4.818575733,1499,2809,4308
10/23/2011,Winter,0,7,0,1,11.88454208,13.5566899,76.195,5.174550488,1619,2762,4381
10/24/2011,Winter,0,1,1,1,12.97785792,14.6091301,79.031636,6.177065208,699,3488,4187
10/25/2011,Winter,0,2,1,1,13.19654208,14.8002625,65.308364,8.666049342,695,3992,4687
10/26/2011,Winter,0,3,1,2,13.52454208,15.0872338,74.278364,7.729235358,404,3490,3894
10/27/2011,Winter,0,4,1,2,13.1528,14.6084938,82.788364,10.28347824,240,2419,2659
10/28/2011,Winter,0,5,1,2,9.50105792,10.4200036,61.896636,11.93267852,456,3291,3747
10/29/2011,Winter,0,6,0,3,7.48934208,7.6657639,89.19,18.27094063,57,570,627
10/30/2011,Winter,0,7,0,1,9.19494208,10.4962687,65.385,9.183907383,885,2446,3331
10/31/2011,Winter,0,1,1,1,9.7416,11.5487089,72.706636,5.53009365,362,3307,3669
11/1/2011,Winter,0,2,1,1,11.33785792,12.7917664,70.905,7.049556429,410,3658,4068
11/2/2011,Winter,0,3,1,1,10.7256,12.5810299,74.125,4.268686308,370,3816,4186
11/3/2011,Winter,0,4,1,1,11.53465792,13.0594063,72.591636,7.114347183,318,3656,3974
11/4/2011,Winter,0,5,1,2,11.40345792,12.9827776,65.27,14.13223622,470,3576,4046
11/5/2011,Winter,0,6,0,1,9.39174208,10.5727762,55.763364,9.831034938,1156,2770,3926
11/6/2011,Winter,0,7,0,1,9.96025792,11.7394474,75.581636,4.786726346,952,2697,3649
11/7/2011,Winter,0,1,1,1,11.1848,12.9063913,77.805,2.975642775,373,3662,4035
11/8/2011,Winter,0,2,1,1,11.53465792,13.2510538,74.393364,3.589880963,376,3829,4205
11/9/2011,Winter,0,3,1,1,11.316,13.1550937,77.766636,3.234119404,305,3804,4109
11/10/2011,Winter,0,4,1,2,10.7912,12.0837463,82.826636,9.831294933,190,2743,2933
11/11/2011,Winter,1,5,0,1,9.32614208,10.0565551,49.055,16.36278533,440,2928,3368
11/12/2011,Winter,0,6,0,1,10.17894208,11.6056426,58.868364,11.02701194,1275,2792,4067
11/13/2011,Winter,0,7,0,1,12.38745792,13.805665,50.166636,14.64921028,1004,2713,3717
11/14/2011,Winter,0,1,1,1,14.7272,16.6557436,62.011636,15.9426854,595,3891,4486
11/15/2011,Winter,0,2,1,2,14.7272,16.1396437,71.365,10.38071637,449,3746,4195
11/16/2011,Winter,0,3,1,3,12.80294208,14.4552364,93.56,7.114971171,145,1672,1817
11/17/2011,Winter,0,4,1,2,9.78534208,10.5535963,60.976636,15.87851864,139,2914,3053
11/18/2011,Winter,0,5,1,1,8.01414208,9.0234463,45.72,8.763547467,245,3147,3392
11/19/2011,Winter,0,6,0,1,9.45734208,10.5918349,54.191636,11.6735675,943,2720,3663
11/20/2011,Winter,0,7,0,2,12.97785792,14.6088574,70.981636,9.66921405,787,2733,3520
11/21/2011,Winter,0,1,1,3,12.5624,14.2453786,91.72,7.178669946,220,2545,2765
11/22/2011,Winter,0,2,1,3,11.75334208,13.5373888,96.55,6.177065208,69,1538,1607
11/23/2011,Winter,0,3,1,2,12.38745792,13.8052711,77.728364,17.46256418,112,2454,2566
11/24/2011,Winter,1,4,0,1,10.61625792,12.0458713,58.523364,8.699640696,560,935,1495
11/25/2011,Winter,0,5,1,1,10.66,12.2943313,67.225,5.142482704,1095,1697,2792
11/26/2011,Winter,0,6,0,1,10.68185792,12.4281361,70.713364,3.557813179,1249,1819,3068
11/27/2011,Winter,0,7,0,1,12.86854208,14.57074,72.246636,10.86539905,810,2261,3071
11/28/2011,Winter,0,1,1,1,14.03126272,15.6106966,76.359956,7.390201878,253,3614,3867
11/29/2011,Winter,0,2,1,2,12.84665792,14.4366625,84.436636,13.42052591,96,2818,2914
11/30/2011,Winter,0,3,1,1,9.348,10.1899963,64.426636,14.09994484,188,3425,3613
12/1/2011,Winter,0,4,1,1,9.02,10.0182862,56.261636,11.44799584,182,3545,3727
12/2/2011,Winter,0,5,1,1,9.06374208,10.8024199,65.576636,5.239107246,268,3672,3940
12/3/2011,Winter,0,6,0,1,8.67014208,10.1713012,64.388364,4.980635817,706,2908,3614
12/4/2011,Winter,0,7,0,1,9.50105792,11.33773,79.376636,4.365747642,634,2851,3485
12/5/2011,Winter,0,1,1,2,10.94425792,12.6959275,84.091636,3.234769392,233,3578,3811
12/6/2011,Winter,0,2,1,3,12.956,14.58892,95.361636,12.09408342,126,2468,2594
12/7/2011,Winter,0,3,1,3,11.5784,12.8874538,97.278364,13.84083383,50,655,705
12/8/2011,Winter,0,4,1,1,7.79545792,8.5452214,61.36,12.48277594,150,3172,3322
12/9/2011,Winter,0,5,1,1,8.45145792,10.3815226,72.016636,4.301185683,261,3359,3620
12/10/2011,Winter,0,6,0,1,8.036,8.8322836,54.69,12.12725878,502,2688,3190
12/11/2011,Winter,0,7,0,1,6.61465792,8.4305662,53.08,3.460101858,377,2366,2743
12/12/2011,Winter,0,1,1,1,7.07385792,8.9469388,69.716636,3.29933655,143,3167,3310
12/13/2011,Winter,0,2,1,1,8.2328,9.8844814,62.28,7.30845945,155,3368,3523
12/14/2011,Winter,0,3,1,2,9.1512,11.0123686,69.065,3.169770642,178,3562,3740
12/15/2011,Winter,0,4,1,2,11.9064,13.2507811,66.343364,13.93791596,181,3528,3709
12/16/2011,Winter,0,5,1,2,10.66,11.6626975,54.038364,13.54963943,178,3399,3577
12/17/2011,Winter,0,6,0,2,7.59865792,8.3159413,59.596636,12.64444083,275,2464,2739
12/18/2011,Winter,0,7,0,1,7.07385792,8.2010437,61.935,8.828338221,220,2211,2431
12/19/2011,Winter,0,1,1,1,8.07974208,9.2722699,66.65,8.990419104,260,3143,3403
12/20/2011,Winter,0,2,1,2,10.94425792,12.7725562,62.778364,3.201620029,216,3534,3750
12/21/2011,Spring,0,3,1,2,16.86192404,17.51605519,85.8333,10.6269786,107,2553,2660
12/22/2011,Spring,0,4,1,2,16.72252404,17.45859691,75.75,2.269152725,227,2841,3068
12/23/2011,Spring,0,5,1,1,15.32852404,15.98553147,68.625,13.16353375,163,2046,2209
12/24/2011,Spring,0,6,0,1,13.3537,13.61352881,54.25,9.134401696,155,856,1011
12/25/2011,Spring,0,7,0,1,12.58095004,13.02921811,68.1304,7.444212909,303,451,754
12/26/2011,Spring,1,1,0,1,13.89008332,14.10728818,50.6957,11.49408054,430,887,1317
12/27/2011,Spring,0,2,1,2,13.981,14.47391807,76.25,9.04541155,103,1059,1162
12/28/2011,Spring,0,3,1,1,13.2597444,13.02961207,50.3913,14.10983404,255,2047,2302
12/29/2011,Spring,0,4,1,1,11.84352404,12.54224706,57.4167,5.731656588,254,2169,2423
12/30/2011,Spring,0,5,1,1,13.60927596,14.20659766,63.6667,6.448041663,491,2508,2999
12/31/2011,Spring,0,6,0,1,16.3508,17.09493691,61.5833,10.56717185,665,1820,2485
1/1/2012,Spring,0,7,0,1,15.2356,15.92819441,69.25,9.223823833,686,1608,2294
1/2/2012,Spring,1,1,0,1,12.53243884,12.19107272,38.1304,15.82359034,244,1707,1951
1/3/2012,Spring,0,2,1,1,9.102,8.371763875,44.125,17.55184233,89,2147,2236
1/4/2012,Spring,0,3,1,2,7.9171,8.161507785,41.4583,8.8654153,95,2273,2368
1/5/2012,Spring,0,4,1,1,12.33142404,12.98227566,52.4167,6.239246013,140,3132,3272
1/6/2012,Spring,0,5,1,1,14.23657596,14.85679144,54.2083,8.059416092,307,3791,4098
1/7/2012,Spring,0,6,0,1,15.88612404,16.3875576,53.1667,8.388209242,1070,3451,4521
1/8/2012,Spring,0,7,0,1,14.3295,14.85651869,46.5,9.193824458,599,2826,3425
1/9/2012,Spring,0,1,1,2,11.16977596,12.0448511,70.1667,4.7471011,106,2270,2376
1/10/2012,Spring,0,2,1,1,13.52644448,14.20702193,64.6522,9.002308448,173,3425,3598
1/11/2012,Spring,0,3,1,2,12.56377596,13.11589041,84.75,6.298476779,92,2085,2177
1/12/2012,Spring,0,4,1,2,15.5841,16.11963109,80.2917,8.686235033,269,3828,4097
1/13/2012,Spring,0,5,1,1,12.56377596,12.10191541,50.75,18.14880589,174,3040,3214
1/14/2012,Spring,0,6,0,1,9.9384,10.09345154,45.75,8.984596817,333,2160,2493
1/15/2012,Spring,0,7,0,1,9.56667596,9.443045625,41.9167,12.06013274,284,2027,2311
1/16/2012,Spring,1,1,0,1,10.2172,10.32304222,52.25,11.10495264,217,2081,2298
1/17/2012,Spring,0,2,1,2,15.32043884,15.58444479,71.6087,16.75789087,127,2808,2935
1/18/2012,Spring,0,3,1,1,13.37692404,12.88657247,44.3333,19.94017657,109,3267,3376
1/19/2012,Spring,0,4,1,1,10.2172,10.30410159,49.75,10.56736384,130,3162,3292
1/20/2012,Spring,0,5,1,2,10.9839,11.24113219,45,9.73179725,115,3048,3163
1/21/2012,Spring,0,6,0,2,9.75252404,9.844586875,83.125,10.68659336,67,1234,1301
1/22/2012,Spring,0,7,0,2,9.4505,9.46198625,79.625,9.582424362,196,1781,1977
1/23/2012,Spring,0,1,1,2,11.00712404,11.91087269,91.125,5.313873292,145,2287,2432
1/24/2012,Spring,0,2,1,1,14.4689,15.12471794,83.5833,5.940692233,439,3900,4339
1/25/2012,Spring,0,3,1,1,13.12137596,13.47955041,64.375,7.731246929,467,3803,4270
1/26/2012,Spring,0,4,1,2,14.44567596,15.33509525,76.9583,3.522925004,244,3831,4075
1/27/2012,Spring,0,5,1,2,16.769,17.13318182,74.125,16.44767333,269,3187,3456
1/28/2012,Spring,0,6,0,1,13.72542404,14.4359156,54.3333,10.11958117,775,3248,4023
1/29/2012,Spring,0,7,0,1,12.7961,12.80980991,31.125,11.52215995,558,2685,3243
1/30/2012,Spring,0,1,1,1,12.42437596,12.50385063,40.0833,10.35780021,126,3498,3624
1/31/2012,Spring,0,2,1,1,15.7932,16.10081169,41.6667,12.56695418,324,4185,4509
2/1/2012,Spring,0,3,1,1,18.00037596,18.68343409,50.7917,9.075026933,304,4275,4579
2/2/2012,Spring,0,4,1,2,16.04877596,16.63581616,67.2917,8.984788813,190,3571,3761
2/3/2012,Spring,0,5,1,1,13.65572404,13.91973053,52.6667,8.567629504,310,3841,4151
2/4/2012,Spring,0,6,0,2,12.28497596,12.80993113,77.9583,5.850886104,384,2448,2832
2/5/2012,Spring,0,7,0,2,12.33142404,12.56130891,68.7917,8.447632004,318,2629,2947
2/6/2012,Spring,0,1,1,1,12.79913892,13.52818993,62.2174,7.3822462,206,3578,3784
2/7/2012,Spring,0,2,1,1,14.79417596,15.48825672,49.625,7.074044621,199,4176,4375
2/8/2012,Spring,0,3,1,2,12.07587596,12.61888841,72.2917,6.418474279,109,2693,2802
2/9/2012,Spring,0,4,1,1,12.3082,12.48454634,56.2083,9.313581963,163,3667,3830
2/10/2012,Spring,0,5,1,2,12.74962404,13.44127519,54,5.612475071,227,3604,3831
2/11/2012,Spring,0,6,0,3,11.16977596,10.93532444,73.125,13.9099182,192,1977,2169
2/12/2012,Spring,0,7,0,1,8.4747,7.62574569,46.4583,19.64176679,73,1456,1529
2/13/2012,Spring,0,1,1,1,11.1233,11.45190347,41.125,8.029416717,94,3328,3422
2/14/2012,Spring,0,2,1,2,13.81837596,14.66523353,50.875,6.776450821,135,3787,3922
2/15/2012,Spring,0,3,1,1,14.63152404,15.20111685,53.125,8.7166184,141,4028,4169
2/16/2012,Spring,0,4,1,2,13.74867596,14.55055941,75.2917,4.388308575,74,2931,3005
2/17/2012,Spring,0,5,1,1,14.49212404,15.20111685,63.4583,9.880402154,349,3805,4154
2/18/2012,Spring,0,6,0,1,14.58507596,15.31615463,53.4583,9.164401071,1435,2883,4318
2/19/2012,Spring,0,7,0,2,12.7264,12.59970534,51.5833,12.14912289,618,2071,2689
2/20/2012,Spring,1,1,0,1,12.7264,12.83011426,50.7826,10.99575492,502,2627,3129
2/21/2012,Spring,0,2,1,1,12.94458888,13.48839947,59.4348,9.874210283,163,3614,3777
2/22/2012,Spring,0,3,1,1,15.95582404,16.44477344,56.7917,11.25437353,394,4379,4773
2/23/2012,Spring,0,4,1,1,17.58217596,18.01393603,55.4583,9.163633087,516,4546,5062
2/24/2012,Spring,0,5,1,2,16.2811,16.99947616,73.75,11.40297843,246,3241,3487
2/25/2012,Spring,0,6,0,1,13.02842404,12.29323088,39.5833,20.23839436,317,2415,2732
2/26/2012,Spring,0,7,0,1,12.70317596,12.67607394,41,9.850786771,515,2874,3389
2/27/2012,Spring,0,1,1,1,15.14267596,15.39279597,49.0833,12.86531597,253,4069,4322
2/28/2012,Spring,0,2,1,1,14.93357596,15.25857513,39.5833,9.283822583,229,4134,4363
2/29/2012,Spring,0,3,1,2,14.52042224,15.10538335,80.4783,8.597436883,65,1769,1834
3/1/2012,Spring,0,4,1,1,18.46502404,18.95111816,61.5417,10.89514901,325,4665,4990
3/2/2012,Spring,0,5,1,2,14.77092404,15.45001181,65.7083,6.955247096,246,2948,3194
3/3/2012,Spring,0,6,0,2,16.46697596,17.07587506,62.125,7.731630921,956,3110,4066
3/4/2012,Spring,0,7,0,1,14.00422404,13.72805141,40.3333,16.05907343,710,2713,3423
3/5/2012,Spring,0,1,1,1,11.70412404,11.85368716,50.625,10.98495514,203,3130,3333
3/6/2012,Spring,0,2,1,1,12.12232404,12.27404781,45.6667,9.641799125,221,3735,3956
3/7/2012,Spring,0,3,1,1,16.18817596,16.2154555,51.3333,16.59704622,432,4484,4916
3/8/2012,Spring,0,4,1,1,19.6267,20.44312422,56.75,21.19458244,486,4896,5382
3/9/2012,Spring,0,5,1,2,16.37402404,16.57860032,40.7083,19.9099852,447,4122,4569
3/10/2012,Spring,0,6,0,1,12.9355,12.96272894,35.0417,10.83577425,968,3150,4118
3/11/2012,Spring,0,7,0,1,15.00528332,15.44479935,47.6957,10.68395341,1658,3253,4911
3/12/2012,Spring,0,1,1,1,17.93067596,18.47293556,48.9167,9.970016287,838,4460,5298
3/13/2012,Spring,0,2,1,1,20.6722,20.99846335,61.75,11.37336305,762,5085,5847
3/14/2012,Spring,0,3,1,1,20.8813,21.17083819,50.7083,5.522860938,997,5315,6312
3/15/2012,Spring,0,4,1,1,20.4631,20.69226163,57.9583,7.194234117,1005,5187,6192
3/16/2012,Spring,0,5,1,2,17.07102404,17.76491985,84.2083,5.433102808,548,3830,4378
3/17/2012,Spring,0,6,0,2,19.25497596,19.85041903,75.5833,5.313681296,3155,4681,7836
3/18/2012,Spring,0,7,0,2,18.0933,18.60652,81,6.090257117,2207,3685,5892
3/19/2012,Spring,0,1,1,1,20.1146,20.69214041,72.875,7.791053683,982,5171,6153
3/20/2012,Spring,0,2,1,1,20.55602404,20.86524257,80.7917,5.820886729,1051,5042,6093
3/21/2012,Summer,0,3,1,2,30.63110738,29.22945543,85.16375,5.104554425,1122,5108,6230
3/22/2012,Summer,0,4,1,1,31.12925738,29.83978595,85.99375,6.700681314,1334,5537,6871
3/23/2012,Summer,0,5,1,2,32.18090738,31.12318345,74.615861,6.6287511,2469,5893,8362
3/24/2012,Summer,0,6,0,2,29.98535,28.34524456,90.489611,10.98805265,1033,2339,3372
3/25/2012,Summer,0,7,0,2,28.54625,26.70366248,90.109139,12.58351268,1532,3464,4996
3/26/2012,Summer,0,1,1,1,28.73074262,26.74573125,56.667111,22.04763654,795,4763,5558
3/27/2012,Summer,0,2,1,1,26.01859262,22.64232609,41.07,10.66938242,531,4571,5102
3/28/2012,Summer,0,3,1,1,29.57945738,27.81911825,56.94375,16.62437199,674,5024,5698
3/29/2012,Summer,0,4,1,1,29.80085738,28.19760384,53.450861,18.21909105,834,5299,6133
3/30/2012,Summer,0,5,1,2,27.0518,24.64132604,65.209139,7.869404799,796,4663,5459
3/31/2012,Summer,0,6,0,2,28.25105738,26.17763618,78.281639,14.28441715,2301,3934,6235
4/1/2012,Summer,0,7,0,2,28.28794262,26.03026215,73.12875,9.818702199,2347,3694,6041
4/2/2012,Summer,0,1,1,1,28.46683382,26.37114586,58.860884,17.79098658,1208,4728,5936
4/3/2012,Summer,0,2,1,1,29.19200738,27.50353581,49.923361,5.707280601,1348,5424,6772
4/4/2012,Summer,0,3,1,1,30.85250738,29.90255575,55.975389,10.31503208,1058,5378,6436
4/5/2012,Summer,0,4,1,1,28.4909,26.49281861,48.055861,12.51249441,1192,5265,6457
4/6/2012,Summer,0,5,1,1,27.78979262,25.14621795,48.297889,17.12121484,1807,4653,6460
4/7/2012,Summer,0,6,0,1,28.54625,26.32501022,38.095861,15.66682239,3252,3605,6857
4/8/2012,Summer,0,7,0,1,29.93,28.53498738,39.894139,13.25727421,2230,2939,5169
4/9/2012,Summer,0,1,1,1,29.69015738,28.00872773,43.3525,20.41609741,905,4680,5585
4/10/2012,Summer,0,2,1,1,28.74920738,26.66182706,53.105,14.21362688,819,5099,5918
4/11/2012,Summer,0,3,1,1,26.58012944,23.36302879,55.973895,16.82973218,482,4380,4862
4/12/2012,Summer,0,4,1,1,27.66065,25.04077934,55.69875,16.55358171,663,4746,5409
4/13/2012,Summer,0,5,1,1,28.65695,26.51431968,50.891639,8.861380587,1252,5146,6398
4/14/2012,Summer,0,6,0,1,29.8193,28.38734666,58.742111,10.88169625,2795,4665,7460
4/15/2012,Summer,0,7,0,1,32.29160738,31.25012313,59.157111,12.83167761,2846,4286,7132
4/16/2012,Summer,1,1,0,1,33.56465738,32.61852488,63.618361,16.23439851,1198,5172,6370
4/17/2012,Summer,0,2,1,1,32.32849262,32.07056415,49.404611,15.59603211,989,5702,6691
4/18/2012,Summer,0,3,1,2,29.11819262,27.35536173,64.240861,9.570480264,347,4020,4367
4/19/2012,Summer,0,4,1,1,29.89309262,28.55568841,67.8375,3.757766612,846,5719,6565
4/20/2012,Summer,0,5,1,1,30.52040738,29.31335963,74.650389,8.542197387,1340,5950,7290
4/21/2012,Summer,0,6,0,1,31.4798,30.21827154,73.682111,16.16360824,2541,4083,6624
4/22/2012,Summer,0,7,0,3,27.64220738,25.10411584,86.339611,19.63808836,120,907,1027
4/23/2012,Summer,0,1,1,2,25.98170738,22.15800188,80.633361,17.29836151,195,3019,3214
4/24/2012,Summer,0,2,1,1,28.01119262,25.63010881,54.695861,14.21408285,518,5115,5633
4/25/2012,Summer,0,3,1,1,29.41340738,27.7980172,52.517111,6.770787624,655,5541,6196
4/26/2012,Summer,0,4,1,2,29.89309262,28.24023931,79.803361,10.06709513,475,4551,5026
4/27/2012,Summer,0,5,1,1,28.98905,27.2086544,50.269139,19.8140381,1014,5219,6233
4/28/2012,Summer,0,6,0,2,27.19940738,24.70409584,57.635389,7.408185075,1120,3100,4220
4/29/2012,Summer,0,7,0,1,29.00749262,27.12478354,65.727889,6.663405276,2229,4075,6304
4/30/2012,Summer,0,1,1,2,29.13665738,27.37729616,64.31,9.782851086,665,4907,5572
5/1/2012,Summer,0,2,1,2,32.43919262,31.35499504,71.745389,8.897003712,653,5087,5740
5/2/2012,Summer,0,3,1,1,31.35065738,30.05076316,83.157889,7.868891826,667,5502,6169
5/3/2012,Summer,0,4,1,2,31.2584,30.02896207,80.771639,7.620270912,764,5657,6421
5/4/2012,Summer,0,5,1,1,32.75285,31.8182182,78.039611,9.286977186,1069,5227,6296
5/5/2012,Summer,0,6,0,2,32.62370738,31.60790768,79.803361,8.720085024,2496,4387,6883
5/6/2012,Summer,0,7,0,2,31.31375,30.3454779,78.42,8.542653363,2135,4224,6359
5/7/2012,Summer,0,1,1,2,30.76025,29.69227857,72.125861,13.15040484,1008,5265,6273
5/8/2012,Summer,0,2,1,2,31.73810738,30.70329579,73.924139,16.87276491,738,4990,5728
5/9/2012,Summer,0,3,1,2,31.5905,30.55508838,78.765861,12.33483476,620,4097,4717
5/10/2012,Summer,0,4,1,1,30.05914262,28.51358631,62.822889,17.90064881,1026,5546,6572
5/11/2012,Summer,0,5,1,1,30.66799262,29.48196806,46.914611,13.50469819,1319,5711,7030
5/12/2012,Summer,0,6,0,1,31.35065738,30.2814747,56.874611,7.018211601,2622,4807,7429
5/13/2012,Summer,0,7,0,1,32.42075,31.62890873,64.82875,12.83099365,2172,3946,6118
5/14/2012,Summer,0,1,1,2,31.55359262,30.4509165,82.535389,12.12280592,342,2501,2843
5/15/2012,Summer,0,2,1,2,32.40230738,31.33442734,82.950389,8.400901824,625,4490,5115
5/16/2012,Summer,0,3,1,1,32.95580738,31.98682663,74.927111,6.982816464,991,6433,7424
5/17/2012,Summer,0,4,1,1,31.99639262,31.20805436,60.16,13.07938658,1242,6142,7384
5/18/2012,Summer,0,5,1,1,31.35065738,30.49161854,60.436639,7.798158549,1521,6118,7639
5/19/2012,Summer,0,6,0,1,32.144,31.01787818,54.86875,4.786323075,3410,4884,8294
5/20/2012,Summer,0,7,0,1,32.60524262,31.58653995,61.024611,14.4981559,2704,4425,7129
5/21/2012,Summer,0,1,1,2,32.10709262,30.97650945,84.33375,13.29192839,630,3729,4359
5/22/2012,Summer,0,2,1,2,32.4761,31.48180138,80.564139,6.735164499,819,5254,6073
5/23/2012,Summer,0,3,1,2,32.62370738,31.60804102,81.290389,5.813694,766,4494,5260
5/24/2012,Summer,0,4,1,1,33.3617,32.3443445,76.483361,9.854553312,1059,5711,6770
5/25/2012,Summer,0,5,1,1,33.9152,33.03867922,79.007889,8.01092835,1417,5317,6734
5/26/2012,Summer,0,6,0,1,34.19195,33.54427116,77.7975,11.34194702,2855,3681,6536
5/27/2012,Summer,0,7,0,1,34.1366,33.50190238,74.857889,12.26410149,3283,3308,6591
5/28/2012,Summer,1,1,0,1,34.63475,34.7644655,73.12875,11.20110744,2557,3486,6043
5/29/2012,Summer,0,2,1,1,34.85615,34.55418832,73.820389,16.8369138,880,4863,5743
5/30/2012,Summer,0,3,1,2,33.39860738,32.49198522,72.61,7.656350013,745,6110,6855
5/31/2012,Summer,0,4,1,1,33.9152,33.16535222,57.912111,11.13031716,1100,6238,7338
6/1/2012,Summer,0,5,1,2,33.34325738,32.38641327,79.699611,13.54037831,533,3594,4127
6/2/2012,Summer,0,6,0,1,31.77499262,30.99721048,62.580861,10.63347431,2795,5325,8120
6/3/2012,Summer,0,7,0,1,32.19935,31.29205856,57.946639,10.49240674,2494,5147,7641
6/4/2012,Summer,0,1,1,1,32.08865,31.39706381,57.427889,16.2346265,1071,5927,6998
6/5/2012,Summer,0,2,1,2,30.83404262,29.65060982,67.906639,11.94514628,968,6033,7001
6/6/2012,Summer,0,3,1,1,31.12925738,30.19730382,67.73375,4.395893625,1027,6028,7055
6/7/2012,Summer,0,4,1,1,32.19935,31.10234907,64.067889,8.96847795,1038,6456,7494
6/8/2012,Summer,0,5,1,1,33.23255738,32.04972977,55.837111,9.996304851,1488,6248,7736
6/9/2012,Summer,0,6,0,1,34.59784262,33.73331395,53.277889,8.223926139,2708,4790,7498
6/10/2012,Summer,0,7,0,1,34.94840738,34.2383392,61.681639,7.621695837,2224,4374,6598
6/11/2012,Summer,0,1,1,2,34.81924262,34.11179954,65.797111,11.83901786,1017,5647,6664
6/12/2012,Summer,0,2,1,2,33.32479262,32.05016313,86.166639,12.22847836,477,4495,4972
6/13/2012,Summer,0,3,1,1,33.38014262,32.4915852,65.312889,19.56587316,1173,6248,7421
6/14/2012,Summer,0,4,1,1,33.21409262,32.93380731,64.275389,14.4620198,1180,6183,7363
6/15/2012,Summer,0,5,1,1,33.01115738,32.11279959,65.935389,10.06663915,1563,6102,7665
6/16/2012,Summer,0,6,0,1,32.84510738,31.94459118,58.845861,9.499518999,2963,4739,7702
6/17/2012,Summer,0,7,0,1,31.97795,31.18678663,66.69625,8.259093288,2634,4344,6978
6/18/2012,Summer,0,1,1,2,31.44289262,30.28230807,81.567111,9.959997762,653,4446,5099
6/19/2012,Summer,0,2,1,1,34.09969262,33.94415782,74.27,8.436524949,968,5857,6825
6/20/2012,Summer,0,3,1,1,36.18455,36.15370163,66.142889,6.486942564,872,5339,6211
6/21/2012,Fall,0,4,1,1,30.00584098,32.27068418,63.705028,5.107959787,778,5127,5905
6/22/2012,Fall,0,5,1,1,29.23915,31.45244359,64.195,7.862388842,964,4859,5823
6/23/2012,Fall,0,6,0,1,27.99890902,29.39888168,60.904972,7.728182721,2657,4801,7458
6/24/2012,Fall,0,7,0,1,28.31459098,30.01677266,56.250028,6.257720525,2551,4340,6891
6/25/2012,Fall,0,1,1,1,27.57044098,29.43486918,58.350028,12.91676938,1139,5640,6779
6/26/2012,Fall,0,2,1,1,25.27034098,27.72652816,47.359972,14.94895364,1077,6365,7442
6/27/2012,Fall,0,3,1,1,27.07435,29.05340168,46.24,11.68659678,1077,6258,7335
6/28/2012,Fall,0,4,1,1,28.47245902,30.05299048,51.49,7.38112165,921,5958,6879
6/29/2012,Fall,0,5,1,1,30.77255902,33.25158827,57.055,7.113096417,829,4634,5463
6/30/2012,Fall,0,6,0,1,28.9009,30.39835532,66.505,6.926214071,1455,4232,5687
7/1/2012,Fall,0,7,0,1,30.27644098,32.21560891,59.575,7.246915529,1421,4110,5531
7/2/2012,Fall,0,1,1,1,29.35190902,30.81667402,53.554972,8.396676267,904,5323,6227
7/3/2012,Fall,0,2,1,1,29.32934098,30.8342935,57.334972,5.428317237,1052,5608,6660
7/4/2012,Fall,1,3,0,1,29.55485902,31.68898223,61.255,5.80298495,2562,4841,7403
7/5/2012,Fall,0,4,1,1,30.59215,32.52475593,54.465028,8.343441029,1405,4836,6241
7/6/2012,Fall,0,5,1,1,30.61469098,32.27042507,53.869972,6.284252142,1366,4841,6207
7/7/2012,Fall,0,6,0,1,31.51670902,33.77844527,57.334972,7.032985554,1448,3392,4840
7/8/2012,Fall,0,7,0,1,30.45685,33.36050084,64.195,5.402172629,1203,3469,4672
7/9/2012,Fall,0,1,1,2,27.43514098,29.43521466,73.399972,7.782105975,998,5571,6569
7/10/2012,Fall,0,2,1,2,27.70574098,29.74447684,72.07,6.524842737,954,5336,6290
7/11/2012,Fall,0,3,1,1,27.59300902,29.32630209,69.199972,6.524670733,975,6289,7264
7/12/2012,Fall,0,4,1,1,27.57044098,29.45332357,60.484972,6.311471775,1032,6414,7446
7/13/2012,Fall,0,5,1,2,27.99890902,29.83479107,56.809972,3.47663085,1511,5988,7499
7/14/2012,Fall,0,6,0,2,27.23219098,29.78034918,74.730028,6.178340679,2355,4614,6969
7/15/2012,Fall,0,7,0,1,28.38224098,30.90759284,76.305028,7.166847667,1920,4111,6031
7/16/2012,Fall,0,1,1,1,28.85579098,31.45255875,70.18,7.060205187,1088,5742,6830
7/17/2012,Fall,0,2,1,1,30.34409098,32.36111357,58.489972,4.920561429,921,5865,6786
7/18/2012,Fall,0,3,1,1,29.66759098,32.07033457,64.474972,5.910143442,799,4914,5713
7/19/2012,Fall,0,4,1,1,29.0362,31.17954318,66.435028,7.113612429,888,5703,6591
7/20/2012,Fall,0,5,1,2,26.21744098,28.25398975,86.910028,8.985789967,747,5123,5870
7/21/2012,Fall,0,6,0,3,24.32324098,26.43696648,88.695028,9.1721133,1264,3195,4459
7/22/2012,Fall,0,7,0,2,26.26255,28.54476875,80.05,4.038688321,2544,4866,7410
7/23/2012,Fall,0,1,1,1,28.26950902,30.47058943,74.310028,5.963507683,1135,5831,6966
7/24/2012,Fall,0,2,1,1,28.51754098,30.9436955,71.02,9.092733454,1140,6452,7592
7/25/2012,Fall,0,3,1,1,27.79595902,29.43521466,53.8,7.0865648,1383,6790,8173
7/26/2012,Fall,0,4,1,1,29.21660902,31.88838177,66.120028,12.24724381,1036,5825,6861
7/27/2012,Fall,0,5,1,1,29.35190902,31.74310743,65.944972,6.578808992,1259,5645,6904
7/28/2012,Fall,0,6,0,1,28.65284098,30.68901916,67.519972,6.76620735,2234,4451,6685
7/29/2012,Fall,0,7,0,1,27.72830902,29.83479107,68.395,7.327198396,2153,4444,6597
7/30/2012,Fall,0,1,1,1,27.97634098,30.32577573,72.175,6.605684617,1040,6065,7105
7/31/2012,Fall,0,2,1,1,27.50279098,29.68977584,75.150028,7.113440425,968,6248,7216
8/1/2012,Fall,0,3,1,1,27.61555,29.81679732,72.91,6.070838179,1074,6506,7580
8/2/2012,Fall,0,4,1,1,28.56265,30.96206352,71.404972,5.562351354,983,6278,7261
8/3/2012,Fall,0,5,1,2,28.92344098,31.41634093,69.97,9.279271792,1328,5847,7175
8/4/2012,Fall,0,6,0,1,29.66759098,32.23397693,67.519972,11.07095146,2345,4479,6824
8/5/2012,Fall,0,7,0,1,29.01365902,31.65276441,70.81,12.48839342,1707,3757,5464
8/6/2012,Fall,0,1,1,2,28.56265,31.05298234,70.950028,5.562351354,1233,5780,7013
8/7/2012,Fall,0,2,1,2,28.11164098,30.68950859,75.115,5.027160908,1278,5995,7273
8/8/2012,Fall,0,3,1,2,28.495,30.98017243,72.525028,4.7602107,1263,6271,7534
8/9/2012,Fall,0,4,1,1,28.65284098,30.74383532,68.115028,6.7124561,1196,6090,7286
8/10/2012,Fall,0,5,1,2,27.57044098,29.83505018,76.129972,10.26919781,1065,4721,5786
8/11/2012,Fall,0,6,0,2,26.93905,28.98070693,77.565028,8.878803479,2247,4052,6299
8/12/2012,Fall,0,7,0,1,27.16454098,29.16242941,60.555028,5.268138512,2182,4362,6544
8/13/2012,Fall,0,1,1,1,27.70574098,29.67129266,61.815028,5.857252212,1207,5676,6883
8/14/2012,Fall,0,2,1,1,27.86360902,30.08946741,73.680028,7.273963158,1128,5656,6784
8/15/2012,Fall,0,3,1,1,27.32240902,29.43472523,68.044972,7.300322771,1198,6149,7347
8/16/2012,Fall,0,4,1,1,27.66065902,29.45346752,59.610028,6.097369796,1338,6267,7605
8/17/2012,Fall,0,5,1,1,27.77339098,17.583696,63.949972,9.948453354,1483,5665,7148
8/18/2012,Fall,0,6,0,1,26.55569098,28.39926409,66.679972,7.648458867,2827,5038,7865
8/19/2012,Fall,0,7,0,2,25.40564098,27.98131966,75.780028,3.71743645,1208,3341,4549
8/20/2012,Fall,0,1,1,2,25.40564098,27.76288993,77.670028,5.589226979,1026,5504,6530
8/21/2012,Fall,0,2,1,1,25.76645902,27.90850975,72.595,3.129217171,1081,5925,7006
8/22/2012,Fall,0,3,1,1,26.26255,28.50817666,72.874972,3.022252183,1094,6281,7375
8/23/2012,Fall,0,4,1,1,27.02924098,28.94446032,69.409972,3.637703996,1363,6402,7765
8/24/2012,Fall,0,5,1,2,27.20965,29.235009,67.66,3.102341546,1325,6257,7582
8/25/2012,Fall,0,6,0,2,26.10470902,28.41725784,75.885028,10.50978841,1829,4224,6053
8/26/2012,Fall,0,7,0,2,25.87919098,27.76372484,87.049972,9.841122858,1483,3772,5255
8/27/2012,Fall,0,1,1,1,27.23219098,29.45346752,77.355028,5.535647733,989,5928,6917
8/28/2012,Fall,0,2,1,1,27.90869098,29.7805795,68.08,8.209965925,935,6105,7040
8/29/2012,Fall,0,3,1,1,26.7361,28.90775307,62.374972,4.840278562,1177,6520,7697
8/30/2012,Fall,0,4,1,1,27.32240902,29.39850741,65.595028,3.316095217,1172,6541,7713
8/31/2012,Fall,0,5,1,1,28.87835902,30.452826,65.35,7.247087533,1433,5917,7350
9/1/2012,Fall,0,6,0,2,28.58519098,30.83440866,69.619972,4.867154187,2352,3788,6140
9/2/2012,Fall,0,7,0,2,27.05180902,29.28971,84.46,2.755108471,2613,3197,5810
9/3/2012,Fall,1,1,0,1,27.34495,29.65329891,82.429972,6.498354121,1965,4069,6034
9/4/2012,Fall,0,2,1,1,27.84104098,30.38050552,79.42,10.16203932,867,5997,6864
9/5/2012,Fall,0,3,1,1,28.13420902,31.01662057,78.265,8.075931808,832,6280,7112
9/6/2012,Fall,0,4,1,2,27.05180902,29.47192191,84.075028,6.124245421,611,5592,6203
9/7/2012,Fall,0,5,1,1,27.23219098,29.52590316,77.845,7.380949646,1045,6459,7504
9/8/2012,Fall,0,6,0,2,26.03705902,28.19917359,83.130028,12.0877531,1557,4419,5976
9/9/2012,Fall,0,7,0,1,24.7066,27.27225075,61.99,9.653552496,2570,5657,8227
9/10/2012,Fall,0,1,1,1,23.98499098,26.89017866,58.315,11.12491771,1118,6407,7525
9/11/2012,Fall,0,2,1,1,23.82715,26.56306668,59.68,3.958422654,1070,6697,7767
9/12/2012,Fall,0,3,1,1,24.41345902,27.01745925,64.474972,5.669509846,1050,6820,7870
9/13/2012,Fall,0,4,1,1,24.77425,27.29047482,69.514972,3.557077121,1054,6750,7804
9/14/2012,Fall,0,5,1,1,25.33799098,27.70864957,72.49,4.466212863,1379,6630,8009
9/15/2012,Fall,0,6,0,1,24.66149098,27.47211093,58.140028,10.64365052,3160,5554,8714
9/16/2012,Fall,0,7,0,1,23.8948,26.81736875,63.88,3.877972083,2166,5167,7333
9/17/2012,Fall,0,1,1,2,23.91734098,26.5273095,77.704972,6.525057742,1022,5847,6869
9/18/2012,Fall,0,2,1,2,25.06739098,26.87327893,89.29,15.37659859,371,3702,4073
9/19/2012,Fall,0,3,1,1,23.15065,26.16323116,61.080028,9.252740175,788,6803,7591
9/20/2012,Fall,0,4,1,1,22.99280902,25.92680768,67.939972,5.081299167,939,6781,7720
9/21/2012,Fall,0,5,1,1,24.41345902,27.07204509,72.175,6.632001229,1250,6917,8167
9/22/2012,Fall,0,6,0,1,25.789,28.18094952,70.320028,12.19435258,2512,5883,8395
9/23/2012,Winter,0,7,0,1,14.70534208,16.4836699,50.971636,11.60919274,2454,5453,7907
9/24/2012,Winter,0,1,1,1,14.31174208,15.9861439,53.348364,7.404865596,1001,6435,7436
9/25/2012,Winter,0,2,1,1,15.252,17.2486237,60.44,12.28845568,845,6693,7538
9/26/2012,Winter,0,3,1,1,17.4824,18.8373739,66.036636,12.7085556,787,6946,7733
9/27/2012,Winter,0,4,1,2,17.876,19.1816425,71.556636,6.985649658,751,6642,7393
9/28/2012,Winter,0,5,1,2,17.06694208,18.5116489,71.48,8.537143821,1045,6370,7415
9/29/2012,Winter,0,6,0,1,15.0552,16.8279688,57.948364,11.8351804,2589,5966,8555
9/30/2012,Winter,0,7,0,1,14.63974208,16.4451889,61.666636,7.017681042,2015,4874,6889
10/1/2012,Winter,0,1,1,2,14.48665792,16.2736,67.723364,4.721727596,763,6015,6778
10/2/2012,Winter,0,2,1,3,16.32345792,17.1926899,88.193364,5.432595525,315,4324,4639
10/3/2012,Winter,0,3,1,2,18.0728,18.9137299,81.025,3.460315054,728,6844,7572
10/4/2012,Winter,0,4,1,2,18.0728,19.1816425,74.508364,6.112274454,891,6437,7328
10/5/2012,Winter,0,5,1,1,16.9576,18.3396661,65.73,5.53009365,1516,6640,8156
10/6/2012,Winter,0,6,0,1,15.36134208,17.0771863,69.103364,13.93703198,3031,4934,7965
10/7/2012,Winter,0,7,0,2,11.73145792,13.4803339,73.166636,7.340282838,781,2729,3510
10/8/2012,Winter,1,1,0,2,10.87865792,12.5045224,73.281636,9.863118321,874,4604,5478
10/9/2012,Winter,0,2,1,2,12.54054208,14.0347936,78.073364,9.8954097,601,5791,6392
10/10/2012,Winter,0,3,1,1,14.31174208,16.0052026,66.036636,9.766504179,780,6911,7691
10/11/2012,Winter,0,4,1,1,12.2344,13.8243601,50.626636,9.442810404,834,6736,7570
10/12/2012,Winter,0,5,1,1,12.3,13.8820513,57.603364,12.22454891,1060,6222,7282
10/13/2012,Winter,0,6,0,1,11.14105792,12.6192988,53.501636,7.599237858,2252,4857,7109
10/14/2012,Winter,0,7,0,1,14.50854208,16.1585812,66.918364,14.48754539,2080,4559,6639
10/15/2012,Winter,0,1,1,2,15.55814208,17.096245,73.09,15.39362796,760,5115,5875
10/16/2012,Winter,0,2,1,1,13.10905792,14.7236338,59.366636,9.475309779,922,6612,7534
10/17/2012,Winter,0,3,1,1,12.78105792,14.3982724,71.748364,5.271190629,979,6482,7461
10/18/2012,Winter,0,4,1,2,14.5304,16.2925375,75.006636,12.32048706,1008,6501,7509
10/19/2012,Winter,0,5,1,2,15.60185792,17.0582488,82.98,7.017473046,753,4671,5424
10/20/2012,Winter,0,6,0,1,13.52454208,15.0871126,60.708364,6.111806463,2806,5284,8090
10/21/2012,Winter,0,7,0,1,12.99974208,14.5897987,54.92,8.634641946,2132,4692,6824
10/22/2012,Winter,0,1,1,1,13.612,15.3931426,60.286636,4.237050117,830,6228,7058
10/23/2012,Winter,0,2,1,1,15.09894208,16.8282112,67.033364,4.916287054,841,6625,7466
10/24/2012,Winter,0,3,1,1,16.236,17.6892463,66.535,3.784445621,795,6898,7693
10/25/2012,Winter,0,4,1,2,15.252,16.8095464,81.638364,6.467375625,875,6484,7359
10/26/2012,Winter,0,5,1,2,15.14265792,16.599325,82.251636,6.888151533,1182,6262,7444
10/27/2012,Winter,0,6,0,2,14.7272,16.3685299,74.24,12.25574831,2643,5209,7852
10/28/2012,Winter,0,7,0,2,13.3496,14.9334613,71.901636,20.69601799,998,3461,4459
10/29/2012,Winter,0,1,1,3,12.3656,14.07382,88.96,18.6260418,2,20,22
10/30/2012,Winter,0,2,1,2,9.16909568,10.1502427,83.94186,11.07625499,87,1009,1096
10/31/2012,Winter,0,3,1,2,10.2008,11.70133,69.333364,8.666517333,419,5147,5566
11/1/2012,Winter,0,4,1,2,10.41945792,11.9692426,61.513364,8.181834654,466,5520,5986
11/2/2012,Winter,0,5,1,1,10.1352,11.5480726,56.031636,13.84083383,618,5229,5847
11/3/2012,Winter,0,6,0,2,9.82905792,10.5725338,53.195,14.06723747,1029,4109,5138
11/4/2012,Winter,0,7,0,1,9.36985792,10.7450014,57.028364,9.313436892,1201,3906,5107
11/5/2012,Winter,0,1,1,1,9.19494208,10.0946725,53.463364,12.28866368,378,4881,5259
11/6/2012,Winter,0,2,1,1,8.18905792,9.2914801,60.171636,9.022502487,466,5220,5686
11/7/2012,Winter,0,3,1,2,8.58265792,9.0810163,58.37,15.81331189,326,4709,5035
11/8/2012,Winter,0,4,1,1,10.06104576,11.1192973,38.679976,18.08707217,340,4975,5315
11/9/2012,Winter,0,5,1,1,10.31014208,11.5290139,57.756636,11.15680144,709,5283,5992
11/10/2012,Winter,0,6,0,1,11.03174208,12.6962911,67.378364,3.007923754,2090,4446,6536
11/11/2012,Winter,0,7,0,1,11.86265792,13.5379039,68.643364,6.6298725,2290,4562,6852
11/12/2012,Winter,1,1,0,1,13.5464,15.1641049,76.233364,9.022710483,1097,5172,6269
11/13/2012,Winter,0,2,1,2,9.82905792,10.5537175,68.988364,17.78604995,327,3767,4094
11/14/2012,Winter,0,3,1,1,8.40774208,9.2913589,58.791636,10.38030038,373,5122,5495
11/15/2012,Winter,0,4,1,2,9.26054208,10.5921076,65.078364,7.955171013,320,5125,5445
11/16/2012,Winter,0,5,1,1,9.8728,11.2802812,56.261636,8.893128975,484,5214,5698
11/17/2012,Winter,0,6,0,1,9.348,10.6494049,58.178364,9.345728271,1313,4316,5629
11/18/2012,Winter,0,7,0,1,9.8072,10.9937038,71.748364,11.83559639,922,3747,4669
11/19/2012,Winter,0,1,1,2,10.81305792,12.1413163,65.346636,12.22324893,449,5050,5499
11/20/2012,Winter,0,2,1,2,10.63814208,12.2942101,71.02,4.301617275,534,5100,5634
11/21/2012,Winter,0,3,1,1,10.09145792,11.8162276,64.465,5.368688754,615,4531,5146
11/22/2012,Winter,1,4,0,1,9.7416,11.3762413,61.398364,2.749228729,955,1470,2425
11/23/2012,Winter,0,5,1,1,10.48505792,12.2370037,60.325,7.696943979,1603,2307,3910
11/24/2012,Winter,0,6,0,1,8.12345792,8.2968826,45.221636,19.59691513,532,1745,2277
11/25/2012,Winter,0,7,0,1,7.27065792,8.5647649,51.086636,7.8258495,309,2115,2424
11/26/2012,Winter,0,1,1,1,9.04185792,11.0318212,57.258364,2.42575335,337,4750,5087
11/27/2012,Winter,0,2,1,2,8.47334208,9.2912074,80.373364,12.35298644,123,3836,3959
11/28/2012,Winter,0,3,1,1,8.60454208,9.5397886,54.575,10.96248118,198,5062,5260
11/29/2012,Winter,0,4,1,1,8.1900288,9.8021866,59.119984,6.007028478,243,5080,5323
11/30/2012,Winter,0,5,1,1,8.64825792,10.5731701,67.761636,3.040423129,362,5306,5668
12/1/2012,Winter,0,6,0,2,8.64825792,10.3621912,82.213364,3.104558696,951,4240,5191
12/2/2012,Winter,0,7,0,2,9.9384,11.6440024,83.746636,6.467583621,892,3757,4649
12/3/2012,Winter,0,1,1,1,12.6936,14.5706188,78.61,4.301398879,555,5679,6234
12/4/2012,Winter,0,2,1,1,13.30585792,14.9723362,75.505,9.054533871,551,6055,6606
12/5/2012,Winter,0,3,1,1,12.32185792,13.7287636,52.62,16.84876798,331,5398,5729
12/6/2012,Winter,0,4,1,1,7.53305792,8.5835812,54.805,9.087033246,340,5035,5375
12/7/2012,Winter,0,5,1,2,9.23865792,10.5153274,78.303364,6.7910694,349,4659,5008
12/8/2012,Winter,0,6,0,2,10.83494208,12.5620924,91.835,5.271606621,1153,4429,5582
12/9/2012,Winter,0,7,0,2,10.90054208,12.5814238,91.298364,8.214542025,441,2787,3228
12/10/2012,Winter,0,1,1,2,12.25625792,13.9579225,93.1,9.895825692,329,4841,5170
12/11/2012,Winter,0,2,1,2,10.09145792,11.0123989,62.893364,15.39362796,282,5219,5501
12/12/2012,Winter,0,3,1,2,8.6264,9.7693414,57.526636,8.472561063,310,5009,5319
12/13/2012,Winter,0,4,1,1,8.58265792,9.6738964,52.696636,9.054533871,425,5107,5532
12/14/2012,Winter,0,5,1,1,8.21094208,9.6740176,67.148364,6.823776771,429,5182,5611
12/15/2012,Winter,0,6,0,1,9.32614208,11.0130049,67.838364,5.53009365,767,4280,5047
12/16/2012,Winter,0,7,0,2,10.332,11.9691214,85.165,5.238483258,538,3248,3786
12/17/2012,Winter,0,1,1,2,11.14105792,12.92545,91.451636,5.109333342,212,4373,4585
12/18/2012,Winter,0,2,1,1,11.60025792,13.1741524,69.295,11.5127866,433,5124,5557
12/19/2012,Winter,0,3,1,1,9.5448,11.1275086,65.538364,9.572599908,333,4934,5267
12/20/2012,Winter,0,4,1,2,9.4792,10.9170751,69.448364,6.887943537,314,3814,4128
12/21/2012,Spring,0,5,1,2,14.02747596,13.69004894,55.6667,17.97000962,221,3402,3623
12/22/2012,Spring,0,6,0,1,12.33142404,11.70040447,44.125,19.55220065,205,1544,1749
12/23/2012,Spring,0,7,0,1,11.77382404,12.40826866,51.5417,6.387850917,408,1379,1787
12/24/2012,Spring,0,1,1,2,11.36875552,12.3909645,79.1304,3.70698197,174,746,920
12/25/2012,Spring,1,2,0,2,13.04155552,13.46876183,73.4783,8.098679274,440,573,1013
12/26/2012,Spring,0,3,1,3,11.70412404,11.22219157,82.3333,15.19389145,9,432,441
12/27/2012,Spring,0,4,1,2,12.00617596,11.41338581,65.2917,16.80603387,247,1867,2114
12/28/2012,Spring,0,5,1,2,11.98292404,12.27416903,59,7.462452529,644,2451,3095
12/29/2012,Spring,0,6,0,2,11.98292404,11.890932,75.2917,5.970259617,159,1182,1341
12/30/2012,Spring,0,7,0,1,12.05262404,11.5666685,48.3333,16.83584125,364,1432,1796
12/31/2012,Spring,0,1,1,2,10.93742404,11.31777354,57.75,7.432453154,439,2290,2729
